{"cameraMode":{"drawMode":0,"name":"Shaded","section":"Shading Mode"},"sceneLighting":false,"audioPlay":false,"sceneViewState":{"showFog":true,"showMaterialUpdate":true,"showSkybox":false,"showFlares":true,"showImageEffects":true,"showParticleSystems":true},"in2DMode":false,"pivot":{"x":351.0000305175781,"y":197.49998474121095,"z":18.350000381469728},"rotation":{"x":0.05355237051844597,"y":-0.8371080160140991,"z":0.08307870477437973,"w":0.5382397174835205},"size":403.1674499511719,"orthographic":false}