{"cameraMode":{"drawMode":0,"name":"Shaded","section":"Shading Mode"},"sceneLighting":true,"audioPlay":false,"sceneViewState":{"showFog":true,"showMaterialUpdate":true,"showSkybox":true,"showFlares":true,"showImageEffects":true,"showParticleSystems":true},"in2DMode":false,"pivot":{"x":418.6010437011719,"y":377.64849853515627,"z":-22.03173828125},"rotation":{"x":-0.11952675879001618,"y":-0.05880273878574371,"z":-0.007062920369207859,"w":0.991206169128418},"size":346.3778076171875,"orthographic":false}