{"cameraMode":{"drawMode":0,"name":"Shaded","section":"Shading Mode"},"sceneLighting":false,"audioPlay":false,"sceneViewState":{"showFog":true,"showMaterialUpdate":true,"showSkybox":false,"showFlares":true,"showImageEffects":true,"showParticleSystems":true},"in2DMode":false,"pivot":{"x":-21.030000686645509,"y":15.760000228881836,"z":23.739999771118165},"rotation":{"x":-0.03668917343020439,"y":0.8012093901634216,"z":-0.04931320622563362,"w":-0.5954597592353821},"size":8.66025447845459,"orthographic":false}