{"cameraMode":{"drawMode":0,"name":"Shaded","section":"Shading Mode"},"sceneLighting":false,"audioPlay":false,"sceneViewState":{"showFog":true,"showMaterialUpdate":true,"showSkybox":false,"showFlares":true,"showImageEffects":true,"showParticleSystems":true},"in2DMode":false,"pivot":{"x":6.672383785247803,"y":11.30861759185791,"z":9.956865310668946},"rotation":{"x":0.036410000175237659,"y":-0.8775289058685303,"z":0.06719723343849182,"w":0.47362640500068667},"size":4.330127239227295,"orthographic":false}